-- ─────────────────────────────────────────────────────────────────────────────
-- 003_sauceboss_seed.sql
-- Auto-generated by projects/sauceboss/scripts/generate_seed_sql.js
-- DO NOT EDIT BY HAND — re-run the script if data changes.
-- Generated: 2026-03-13T21:47:08.966Z
-- ─────────────────────────────────────────────────────────────────────────────

-- Carbs
INSERT INTO sauceboss_carbs (id, name, emoji, description) VALUES ('pasta', 'Pasta', '🍝', 'Spaghetti, penne, fusilli…') ON CONFLICT (id) DO NOTHING;
INSERT INTO sauceboss_carbs (id, name, emoji, description) VALUES ('rice', 'Rice', '🍚', 'Jasmine, basmati, short-grain…') ON CONFLICT (id) DO NOTHING;
INSERT INTO sauceboss_carbs (id, name, emoji, description) VALUES ('noodles', 'Noodles', '🍜', 'Ramen, udon, soba, rice noodles…') ON CONFLICT (id) DO NOTHING;
INSERT INTO sauceboss_carbs (id, name, emoji, description) VALUES ('bread', 'Bread', '🍞', 'Crusty loaves, flatbreads, pita…') ON CONFLICT (id) DO NOTHING;
INSERT INTO sauceboss_carbs (id, name, emoji, description) VALUES ('potatoes', 'Potatoes', '🥔', 'Roasted, mashed, wedges…') ON CONFLICT (id) DO NOTHING;
INSERT INTO sauceboss_carbs (id, name, emoji, description) VALUES ('couscous', 'Couscous', '🌾', 'Pearl couscous, Moroccan-style…') ON CONFLICT (id) DO NOTHING;

-- Sauces
INSERT INTO sauceboss_sauces (id, name, cuisine, cuisine_emoji, color, description) VALUES ('peanut-sauce', 'Thai Peanut Sauce', 'Asian', '🌏', '#B45309', 'Creamy, nutty and umami-rich with lime brightness.') ON CONFLICT (id) DO NOTHING;
INSERT INTO sauceboss_sauces (id, name, cuisine, cuisine_emoji, color, description) VALUES ('teriyaki', 'Teriyaki Glaze', 'Asian', '🌏', '#3B1F0A', 'Sweet soy glaze that caramelises beautifully on heat.') ON CONFLICT (id) DO NOTHING;
INSERT INTO sauceboss_sauces (id, name, cuisine, cuisine_emoji, color, description) VALUES ('gochujang-sauce', 'Gochujang Sauce', 'Asian', '🌏', '#DC2626', 'Korean fermented chilli paste — spicy, sweet, and deep.') ON CONFLICT (id) DO NOTHING;
INSERT INTO sauceboss_sauces (id, name, cuisine, cuisine_emoji, color, description) VALUES ('pad-thai-sauce', 'Pad Thai Sauce', 'Asian', '🌏', '#92400E', 'The tangy, sweet, salty backbone of Pad Thai.') ON CONFLICT (id) DO NOTHING;
INSERT INTO sauceboss_sauces (id, name, cuisine, cuisine_emoji, color, description) VALUES ('sesame-ginger', 'Sesame Ginger Sauce', 'Asian', '🌏', '#D97706', 'Light, fragrant and perfect served cold or warm.') ON CONFLICT (id) DO NOTHING;
INSERT INTO sauceboss_sauces (id, name, cuisine, cuisine_emoji, color, description) VALUES ('marinara', 'Classic Marinara', 'Italian', '🇮🇹', '#DC2626', 'Simple, fresh tomato sauce. The backbone of Italian cooking.') ON CONFLICT (id) DO NOTHING;
INSERT INTO sauceboss_sauces (id, name, cuisine, cuisine_emoji, color, description) VALUES ('alfredo', 'Alfredo Sauce', 'Italian', '🇮🇹', '#FBBF24', 'Rich, creamy, indulgent — proper Roman-style.') ON CONFLICT (id) DO NOTHING;
INSERT INTO sauceboss_sauces (id, name, cuisine, cuisine_emoji, color, description) VALUES ('pesto', 'Basil Pesto', 'Italian', '🇮🇹', '#22C55E', 'Fresh, vibrant, cold-blended. Do not cook.') ON CONFLICT (id) DO NOTHING;
INSERT INTO sauceboss_sauces (id, name, cuisine, cuisine_emoji, color, description) VALUES ('arrabbiata', 'Arrabbiata', 'Italian', '🇮🇹', '#B91C1C', 'Angry tomato sauce — punchy chilli heat.') ON CONFLICT (id) DO NOTHING;
INSERT INTO sauceboss_sauces (id, name, cuisine, cuisine_emoji, color, description) VALUES ('aglio-olio', 'Aglio e Olio', 'Italian', '🇮🇹', '#65A30D', 'Garlic and olive oil — the ultimate pantry pasta.') ON CONFLICT (id) DO NOTHING;
INSERT INTO sauceboss_sauces (id, name, cuisine, cuisine_emoji, color, description) VALUES ('salsa-roja', 'Salsa Roja', 'Mexican', '🇲🇽', '#EA580C', 'Roasted tomato salsa — smoky, earthy, punchy.') ON CONFLICT (id) DO NOTHING;
INSERT INTO sauceboss_sauces (id, name, cuisine, cuisine_emoji, color, description) VALUES ('chipotle-cream', 'Chipotle Cream', 'Mexican', '🇲🇽', '#A16207', 'Smoky, creamy, with a chipotle kick.') ON CONFLICT (id) DO NOTHING;
INSERT INTO sauceboss_sauces (id, name, cuisine, cuisine_emoji, color, description) VALUES ('quick-mole', 'Quick Mole', 'Mexican', '🇲🇽', '#78350F', 'Simplified mole with chocolate depth.') ON CONFLICT (id) DO NOTHING;
INSERT INTO sauceboss_sauces (id, name, cuisine, cuisine_emoji, color, description) VALUES ('tzatziki', 'Tzatziki', 'Mediterranean', '🫒', '#4ADE80', 'Cool, tangy Greek yogurt sauce with cucumber and dill.') ON CONFLICT (id) DO NOTHING;
INSERT INTO sauceboss_sauces (id, name, cuisine, cuisine_emoji, color, description) VALUES ('chermoula', 'Chermoula', 'Mediterranean', '🫒', '#4ADE80', 'North African herb & spice marinade sauce.') ON CONFLICT (id) DO NOTHING;
INSERT INTO sauceboss_sauces (id, name, cuisine, cuisine_emoji, color, description) VALUES ('harissa-sauce', 'Harissa Sauce', 'Mediterranean', '🫒', '#DC2626', 'Fiery North African chilli sauce with earthy depth.') ON CONFLICT (id) DO NOTHING;
INSERT INTO sauceboss_sauces (id, name, cuisine, cuisine_emoji, color, description) VALUES ('bbq-sauce', 'Classic BBQ Sauce', 'BBQ', '🔥', '#B91C1C', 'Smoky, sweet, tangy. The American classic.') ON CONFLICT (id) DO NOTHING;
INSERT INTO sauceboss_sauces (id, name, cuisine, cuisine_emoji, color, description) VALUES ('honey-mustard', 'Honey Mustard', 'BBQ', '🔥', '#EAB308', 'Sweet, sharp, creamy dipping sauce.') ON CONFLICT (id) DO NOTHING;
INSERT INTO sauceboss_sauces (id, name, cuisine, cuisine_emoji, color, description) VALUES ('buffalo', 'Buffalo Sauce', 'BBQ', '🔥', '#EF4444', 'Hot and buttery. Perfect for dunking.') ON CONFLICT (id) DO NOTHING;
INSERT INTO sauceboss_sauces (id, name, cuisine, cuisine_emoji, color, description) VALUES ('beurre-blanc', 'Beurre Blanc', 'French', '🇫🇷', '#FBBF24', 'Classic French butter emulsion — light, silky, elegant.') ON CONFLICT (id) DO NOTHING;
INSERT INTO sauceboss_sauces (id, name, cuisine, cuisine_emoji, color, description) VALUES ('tikka-masala', 'Tikka Masala Sauce', 'Indian', '🇮🇳', '#EA580C', 'Creamy, aromatic tomato-based curry sauce.') ON CONFLICT (id) DO NOTHING;
INSERT INTO sauceboss_sauces (id, name, cuisine, cuisine_emoji, color, description) VALUES ('saag-sauce', 'Saag Sauce', 'Indian', '🇮🇳', '#15803D', 'Iron-rich spinach sauce with warming spices.') ON CONFLICT (id) DO NOTHING;

-- Sauce ↔ Carb associations
INSERT INTO sauceboss_sauce_carbs (sauce_id, carb_id) VALUES ('peanut-sauce', 'noodles') ON CONFLICT DO NOTHING;
INSERT INTO sauceboss_sauce_carbs (sauce_id, carb_id) VALUES ('peanut-sauce', 'rice') ON CONFLICT DO NOTHING;
INSERT INTO sauceboss_sauce_carbs (sauce_id, carb_id) VALUES ('teriyaki', 'rice') ON CONFLICT DO NOTHING;
INSERT INTO sauceboss_sauce_carbs (sauce_id, carb_id) VALUES ('teriyaki', 'noodles') ON CONFLICT DO NOTHING;
INSERT INTO sauceboss_sauce_carbs (sauce_id, carb_id) VALUES ('gochujang-sauce', 'rice') ON CONFLICT DO NOTHING;
INSERT INTO sauceboss_sauce_carbs (sauce_id, carb_id) VALUES ('gochujang-sauce', 'noodles') ON CONFLICT DO NOTHING;
INSERT INTO sauceboss_sauce_carbs (sauce_id, carb_id) VALUES ('pad-thai-sauce', 'noodles') ON CONFLICT DO NOTHING;
INSERT INTO sauceboss_sauce_carbs (sauce_id, carb_id) VALUES ('sesame-ginger', 'noodles') ON CONFLICT DO NOTHING;
INSERT INTO sauceboss_sauce_carbs (sauce_id, carb_id) VALUES ('sesame-ginger', 'rice') ON CONFLICT DO NOTHING;
INSERT INTO sauceboss_sauce_carbs (sauce_id, carb_id) VALUES ('marinara', 'pasta') ON CONFLICT DO NOTHING;
INSERT INTO sauceboss_sauce_carbs (sauce_id, carb_id) VALUES ('marinara', 'bread') ON CONFLICT DO NOTHING;
INSERT INTO sauceboss_sauce_carbs (sauce_id, carb_id) VALUES ('alfredo', 'pasta') ON CONFLICT DO NOTHING;
INSERT INTO sauceboss_sauce_carbs (sauce_id, carb_id) VALUES ('pesto', 'pasta') ON CONFLICT DO NOTHING;
INSERT INTO sauceboss_sauce_carbs (sauce_id, carb_id) VALUES ('pesto', 'bread') ON CONFLICT DO NOTHING;
INSERT INTO sauceboss_sauce_carbs (sauce_id, carb_id) VALUES ('arrabbiata', 'pasta') ON CONFLICT DO NOTHING;
INSERT INTO sauceboss_sauce_carbs (sauce_id, carb_id) VALUES ('aglio-olio', 'pasta') ON CONFLICT DO NOTHING;
INSERT INTO sauceboss_sauce_carbs (sauce_id, carb_id) VALUES ('salsa-roja', 'rice') ON CONFLICT DO NOTHING;
INSERT INTO sauceboss_sauce_carbs (sauce_id, carb_id) VALUES ('salsa-roja', 'bread') ON CONFLICT DO NOTHING;
INSERT INTO sauceboss_sauce_carbs (sauce_id, carb_id) VALUES ('salsa-roja', 'potatoes') ON CONFLICT DO NOTHING;
INSERT INTO sauceboss_sauce_carbs (sauce_id, carb_id) VALUES ('chipotle-cream', 'rice') ON CONFLICT DO NOTHING;
INSERT INTO sauceboss_sauce_carbs (sauce_id, carb_id) VALUES ('chipotle-cream', 'potatoes') ON CONFLICT DO NOTHING;
INSERT INTO sauceboss_sauce_carbs (sauce_id, carb_id) VALUES ('chipotle-cream', 'bread') ON CONFLICT DO NOTHING;
INSERT INTO sauceboss_sauce_carbs (sauce_id, carb_id) VALUES ('quick-mole', 'rice') ON CONFLICT DO NOTHING;
INSERT INTO sauceboss_sauce_carbs (sauce_id, carb_id) VALUES ('tzatziki', 'bread') ON CONFLICT DO NOTHING;
INSERT INTO sauceboss_sauce_carbs (sauce_id, carb_id) VALUES ('tzatziki', 'potatoes') ON CONFLICT DO NOTHING;
INSERT INTO sauceboss_sauce_carbs (sauce_id, carb_id) VALUES ('chermoula', 'couscous') ON CONFLICT DO NOTHING;
INSERT INTO sauceboss_sauce_carbs (sauce_id, carb_id) VALUES ('chermoula', 'bread') ON CONFLICT DO NOTHING;
INSERT INTO sauceboss_sauce_carbs (sauce_id, carb_id) VALUES ('harissa-sauce', 'couscous') ON CONFLICT DO NOTHING;
INSERT INTO sauceboss_sauce_carbs (sauce_id, carb_id) VALUES ('harissa-sauce', 'potatoes') ON CONFLICT DO NOTHING;
INSERT INTO sauceboss_sauce_carbs (sauce_id, carb_id) VALUES ('harissa-sauce', 'bread') ON CONFLICT DO NOTHING;
INSERT INTO sauceboss_sauce_carbs (sauce_id, carb_id) VALUES ('bbq-sauce', 'potatoes') ON CONFLICT DO NOTHING;
INSERT INTO sauceboss_sauce_carbs (sauce_id, carb_id) VALUES ('bbq-sauce', 'bread') ON CONFLICT DO NOTHING;
INSERT INTO sauceboss_sauce_carbs (sauce_id, carb_id) VALUES ('honey-mustard', 'potatoes') ON CONFLICT DO NOTHING;
INSERT INTO sauceboss_sauce_carbs (sauce_id, carb_id) VALUES ('honey-mustard', 'bread') ON CONFLICT DO NOTHING;
INSERT INTO sauceboss_sauce_carbs (sauce_id, carb_id) VALUES ('buffalo', 'potatoes') ON CONFLICT DO NOTHING;
INSERT INTO sauceboss_sauce_carbs (sauce_id, carb_id) VALUES ('buffalo', 'bread') ON CONFLICT DO NOTHING;
INSERT INTO sauceboss_sauce_carbs (sauce_id, carb_id) VALUES ('beurre-blanc', 'pasta') ON CONFLICT DO NOTHING;
INSERT INTO sauceboss_sauce_carbs (sauce_id, carb_id) VALUES ('beurre-blanc', 'potatoes') ON CONFLICT DO NOTHING;
INSERT INTO sauceboss_sauce_carbs (sauce_id, carb_id) VALUES ('tikka-masala', 'rice') ON CONFLICT DO NOTHING;
INSERT INTO sauceboss_sauce_carbs (sauce_id, carb_id) VALUES ('saag-sauce', 'rice') ON CONFLICT DO NOTHING;

-- Steps and ingredients
WITH inserted_step AS (
  INSERT INTO sauceboss_sauce_steps (sauce_id, step_order, title)
  VALUES ('peanut-sauce', 0, 'Whisk the base')
  ON CONFLICT DO NOTHING
  RETURNING id
)
INSERT INTO sauceboss_step_ingredients (step_id, name, amount, unit)
SELECT v.step_id, v.name, v.amount, v.unit FROM (VALUES
  ((SELECT id FROM inserted_step), 'peanut butter', 3, 'tbsp'),
       ((SELECT id FROM inserted_step), 'soy sauce', 4, 'tbsp'),
       ((SELECT id FROM inserted_step), 'sesame oil', 3, 'tsp')
) AS v(step_id, name, amount, unit)
WHERE v.step_id IS NOT NULL;

WITH inserted_step AS (
  INSERT INTO sauceboss_sauce_steps (sauce_id, step_order, title)
  VALUES ('peanut-sauce', 1, 'Add aromatics & balance')
  ON CONFLICT DO NOTHING
  RETURNING id
)
INSERT INTO sauceboss_step_ingredients (step_id, name, amount, unit)
SELECT v.step_id, v.name, v.amount, v.unit FROM (VALUES
  ((SELECT id FROM inserted_step), 'lime juice', 1, 'tbsp'),
       ((SELECT id FROM inserted_step), 'honey', 1, 'tbsp'),
       ((SELECT id FROM inserted_step), 'garlic', 2, 'cloves'),
       ((SELECT id FROM inserted_step), 'ginger', 1, 'tsp'),
       ((SELECT id FROM inserted_step), 'sriracha', 1, 'tsp')
) AS v(step_id, name, amount, unit)
WHERE v.step_id IS NOT NULL;

WITH inserted_step AS (
  INSERT INTO sauceboss_sauce_steps (sauce_id, step_order, title)
  VALUES ('teriyaki', 0, 'Combine liquid base')
  ON CONFLICT DO NOTHING
  RETURNING id
)
INSERT INTO sauceboss_step_ingredients (step_id, name, amount, unit)
SELECT v.step_id, v.name, v.amount, v.unit FROM (VALUES
  ((SELECT id FROM inserted_step), 'soy sauce', 3, 'tbsp'),
       ((SELECT id FROM inserted_step), 'mirin', 2, 'tbsp'),
       ((SELECT id FROM inserted_step), 'sake', 2, 'tbsp')
) AS v(step_id, name, amount, unit)
WHERE v.step_id IS NOT NULL;

WITH inserted_step AS (
  INSERT INTO sauceboss_sauce_steps (sauce_id, step_order, title)
  VALUES ('teriyaki', 1, 'Sweeten & finish')
  ON CONFLICT DO NOTHING
  RETURNING id
)
INSERT INTO sauceboss_step_ingredients (step_id, name, amount, unit)
SELECT v.step_id, v.name, v.amount, v.unit FROM (VALUES
  ((SELECT id FROM inserted_step), 'sugar', 1, 'tbsp'),
       ((SELECT id FROM inserted_step), 'sesame oil', 0.5, 'tsp'),
       ((SELECT id FROM inserted_step), 'garlic', 1, 'clove')
) AS v(step_id, name, amount, unit)
WHERE v.step_id IS NOT NULL;

WITH inserted_step AS (
  INSERT INTO sauceboss_sauce_steps (sauce_id, step_order, title)
  VALUES ('gochujang-sauce', 0, 'Mix everything')
  ON CONFLICT DO NOTHING
  RETURNING id
)
INSERT INTO sauceboss_step_ingredients (step_id, name, amount, unit)
SELECT v.step_id, v.name, v.amount, v.unit FROM (VALUES
  ((SELECT id FROM inserted_step), 'gochujang', 2, 'tbsp'),
       ((SELECT id FROM inserted_step), 'sesame oil', 1, 'tbsp'),
       ((SELECT id FROM inserted_step), 'soy sauce', 1, 'tbsp'),
       ((SELECT id FROM inserted_step), 'honey', 1, 'tbsp'),
       ((SELECT id FROM inserted_step), 'rice vinegar', 1, 'tbsp'),
       ((SELECT id FROM inserted_step), 'garlic', 1, 'tsp')
) AS v(step_id, name, amount, unit)
WHERE v.step_id IS NOT NULL;

WITH inserted_step AS (
  INSERT INTO sauceboss_sauce_steps (sauce_id, step_order, title)
  VALUES ('pad-thai-sauce', 0, 'Combine all')
  ON CONFLICT DO NOTHING
  RETURNING id
)
INSERT INTO sauceboss_step_ingredients (step_id, name, amount, unit)
SELECT v.step_id, v.name, v.amount, v.unit FROM (VALUES
  ((SELECT id FROM inserted_step), 'fish sauce', 2, 'tbsp'),
       ((SELECT id FROM inserted_step), 'tamarind paste', 3, 'tbsp'),
       ((SELECT id FROM inserted_step), 'sugar', 2, 'tbsp'),
       ((SELECT id FROM inserted_step), 'soy sauce', 1, 'tbsp'),
       ((SELECT id FROM inserted_step), 'lime juice', 1, 'tbsp')
) AS v(step_id, name, amount, unit)
WHERE v.step_id IS NOT NULL;

WITH inserted_step AS (
  INSERT INTO sauceboss_sauce_steps (sauce_id, step_order, title)
  VALUES ('sesame-ginger', 0, 'Build the base')
  ON CONFLICT DO NOTHING
  RETURNING id
)
INSERT INTO sauceboss_step_ingredients (step_id, name, amount, unit)
SELECT v.step_id, v.name, v.amount, v.unit FROM (VALUES
  ((SELECT id FROM inserted_step), 'sesame oil', 2, 'tbsp'),
       ((SELECT id FROM inserted_step), 'soy sauce', 2, 'tbsp'),
       ((SELECT id FROM inserted_step), 'rice vinegar', 1, 'tbsp')
) AS v(step_id, name, amount, unit)
WHERE v.step_id IS NOT NULL;

WITH inserted_step AS (
  INSERT INTO sauceboss_sauce_steps (sauce_id, step_order, title)
  VALUES ('sesame-ginger', 1, 'Layer flavour')
  ON CONFLICT DO NOTHING
  RETURNING id
)
INSERT INTO sauceboss_step_ingredients (step_id, name, amount, unit)
SELECT v.step_id, v.name, v.amount, v.unit FROM (VALUES
  ((SELECT id FROM inserted_step), 'ginger', 1, 'tsp'),
       ((SELECT id FROM inserted_step), 'garlic', 1, 'tsp'),
       ((SELECT id FROM inserted_step), 'honey', 1, 'tbsp')
) AS v(step_id, name, amount, unit)
WHERE v.step_id IS NOT NULL;

WITH inserted_step AS (
  INSERT INTO sauceboss_sauce_steps (sauce_id, step_order, title)
  VALUES ('marinara', 0, 'Sauté the base')
  ON CONFLICT DO NOTHING
  RETURNING id
)
INSERT INTO sauceboss_step_ingredients (step_id, name, amount, unit)
SELECT v.step_id, v.name, v.amount, v.unit FROM (VALUES
  ((SELECT id FROM inserted_step), 'olive oil', 3, 'tbsp'),
       ((SELECT id FROM inserted_step), 'garlic', 3, 'cloves'),
       ((SELECT id FROM inserted_step), 'chili flakes', 0.5, 'tsp')
) AS v(step_id, name, amount, unit)
WHERE v.step_id IS NOT NULL;

WITH inserted_step AS (
  INSERT INTO sauceboss_sauce_steps (sauce_id, step_order, title)
  VALUES ('marinara', 1, 'Simmer to sauce')
  ON CONFLICT DO NOTHING
  RETURNING id
)
INSERT INTO sauceboss_step_ingredients (step_id, name, amount, unit)
SELECT v.step_id, v.name, v.amount, v.unit FROM (VALUES
  ((SELECT id FROM inserted_step), 'tomato', 14, 'oz'),
       ((SELECT id FROM inserted_step), 'basil', 1, 'tbsp'),
       ((SELECT id FROM inserted_step), 'oregano', 1, 'tsp'),
       ((SELECT id FROM inserted_step), 'sugar', 0.5, 'tsp')
) AS v(step_id, name, amount, unit)
WHERE v.step_id IS NOT NULL;

WITH inserted_step AS (
  INSERT INTO sauceboss_sauce_steps (sauce_id, step_order, title)
  VALUES ('alfredo', 0, 'Build butter base')
  ON CONFLICT DO NOTHING
  RETURNING id
)
INSERT INTO sauceboss_step_ingredients (step_id, name, amount, unit)
SELECT v.step_id, v.name, v.amount, v.unit FROM (VALUES
  ((SELECT id FROM inserted_step), 'butter', 3, 'tbsp'),
       ((SELECT id FROM inserted_step), 'garlic', 2, 'cloves')
) AS v(step_id, name, amount, unit)
WHERE v.step_id IS NOT NULL;

WITH inserted_step AS (
  INSERT INTO sauceboss_sauce_steps (sauce_id, step_order, title)
  VALUES ('alfredo', 1, 'Cream & cheese')
  ON CONFLICT DO NOTHING
  RETURNING id
)
INSERT INTO sauceboss_step_ingredients (step_id, name, amount, unit)
SELECT v.step_id, v.name, v.amount, v.unit FROM (VALUES
  ((SELECT id FROM inserted_step), 'heavy cream', 0.5, 'cup'),
       ((SELECT id FROM inserted_step), 'parmesan', 0.5, 'cup')
) AS v(step_id, name, amount, unit)
WHERE v.step_id IS NOT NULL;

WITH inserted_step AS (
  INSERT INTO sauceboss_sauce_steps (sauce_id, step_order, title)
  VALUES ('pesto', 0, 'Blend everything')
  ON CONFLICT DO NOTHING
  RETURNING id
)
INSERT INTO sauceboss_step_ingredients (step_id, name, amount, unit)
SELECT v.step_id, v.name, v.amount, v.unit FROM (VALUES
  ((SELECT id FROM inserted_step), 'basil', 2, 'cup'),
       ((SELECT id FROM inserted_step), 'olive oil', 0.5, 'cup'),
       ((SELECT id FROM inserted_step), 'pine nuts', 3, 'tbsp'),
       ((SELECT id FROM inserted_step), 'parmesan', 3, 'tbsp'),
       ((SELECT id FROM inserted_step), 'garlic', 2, 'cloves'),
       ((SELECT id FROM inserted_step), 'lemon juice', 1, 'tbsp')
) AS v(step_id, name, amount, unit)
WHERE v.step_id IS NOT NULL;

WITH inserted_step AS (
  INSERT INTO sauceboss_sauce_steps (sauce_id, step_order, title)
  VALUES ('arrabbiata', 0, 'Fry aromatics')
  ON CONFLICT DO NOTHING
  RETURNING id
)
INSERT INTO sauceboss_step_ingredients (step_id, name, amount, unit)
SELECT v.step_id, v.name, v.amount, v.unit FROM (VALUES
  ((SELECT id FROM inserted_step), 'olive oil', 4, 'tbsp'),
       ((SELECT id FROM inserted_step), 'garlic', 4, 'cloves'),
       ((SELECT id FROM inserted_step), 'chili flakes', 2, 'tsp')
) AS v(step_id, name, amount, unit)
WHERE v.step_id IS NOT NULL;

WITH inserted_step AS (
  INSERT INTO sauceboss_sauce_steps (sauce_id, step_order, title)
  VALUES ('arrabbiata', 1, 'Add tomato')
  ON CONFLICT DO NOTHING
  RETURNING id
)
INSERT INTO sauceboss_step_ingredients (step_id, name, amount, unit)
SELECT v.step_id, v.name, v.amount, v.unit FROM (VALUES
  ((SELECT id FROM inserted_step), 'tomato', 14, 'oz'),
       ((SELECT id FROM inserted_step), 'basil', 1, 'tbsp'),
       ((SELECT id FROM inserted_step), 'sugar', 0.5, 'tsp')
) AS v(step_id, name, amount, unit)
WHERE v.step_id IS NOT NULL;

WITH inserted_step AS (
  INSERT INTO sauceboss_sauce_steps (sauce_id, step_order, title)
  VALUES ('aglio-olio', 0, 'Infuse garlic in oil')
  ON CONFLICT DO NOTHING
  RETURNING id
)
INSERT INTO sauceboss_step_ingredients (step_id, name, amount, unit)
SELECT v.step_id, v.name, v.amount, v.unit FROM (VALUES
  ((SELECT id FROM inserted_step), 'olive oil', 6, 'tbsp'),
       ((SELECT id FROM inserted_step), 'garlic', 6, 'cloves'),
       ((SELECT id FROM inserted_step), 'chili flakes', 1, 'tsp')
) AS v(step_id, name, amount, unit)
WHERE v.step_id IS NOT NULL;

WITH inserted_step AS (
  INSERT INTO sauceboss_sauce_steps (sauce_id, step_order, title)
  VALUES ('aglio-olio', 1, 'Finish')
  ON CONFLICT DO NOTHING
  RETURNING id
)
INSERT INTO sauceboss_step_ingredients (step_id, name, amount, unit)
SELECT v.step_id, v.name, v.amount, v.unit FROM (VALUES
  ((SELECT id FROM inserted_step), 'parsley', 2, 'tbsp'),
       ((SELECT id FROM inserted_step), 'lemon juice', 1, 'tbsp')
) AS v(step_id, name, amount, unit)
WHERE v.step_id IS NOT NULL;

WITH inserted_step AS (
  INSERT INTO sauceboss_sauce_steps (sauce_id, step_order, title)
  VALUES ('salsa-roja', 0, 'Roast & blend')
  ON CONFLICT DO NOTHING
  RETURNING id
)
INSERT INTO sauceboss_step_ingredients (step_id, name, amount, unit)
SELECT v.step_id, v.name, v.amount, v.unit FROM (VALUES
  ((SELECT id FROM inserted_step), 'tomato', 4, 'piece'),
       ((SELECT id FROM inserted_step), 'garlic', 3, 'cloves'),
       ((SELECT id FROM inserted_step), 'onion', 0.5, 'piece'),
       ((SELECT id FROM inserted_step), 'chili flakes', 1, 'tsp')
) AS v(step_id, name, amount, unit)
WHERE v.step_id IS NOT NULL;

WITH inserted_step AS (
  INSERT INTO sauceboss_sauce_steps (sauce_id, step_order, title)
  VALUES ('salsa-roja', 1, 'Season')
  ON CONFLICT DO NOTHING
  RETURNING id
)
INSERT INTO sauceboss_step_ingredients (step_id, name, amount, unit)
SELECT v.step_id, v.name, v.amount, v.unit FROM (VALUES
  ((SELECT id FROM inserted_step), 'lime juice', 1, 'tbsp'),
       ((SELECT id FROM inserted_step), 'cilantro', 2, 'tbsp'),
       ((SELECT id FROM inserted_step), 'cumin', 1, 'tsp')
) AS v(step_id, name, amount, unit)
WHERE v.step_id IS NOT NULL;

WITH inserted_step AS (
  INSERT INTO sauceboss_sauce_steps (sauce_id, step_order, title)
  VALUES ('chipotle-cream', 0, 'Mix together')
  ON CONFLICT DO NOTHING
  RETURNING id
)
INSERT INTO sauceboss_step_ingredients (step_id, name, amount, unit)
SELECT v.step_id, v.name, v.amount, v.unit FROM (VALUES
  ((SELECT id FROM inserted_step), 'sour cream', 0.5, 'cup'),
       ((SELECT id FROM inserted_step), 'chipotle', 2, 'tbsp'),
       ((SELECT id FROM inserted_step), 'lime juice', 1, 'tbsp'),
       ((SELECT id FROM inserted_step), 'garlic', 0.5, 'tsp'),
       ((SELECT id FROM inserted_step), 'cumin', 0.5, 'tsp')
) AS v(step_id, name, amount, unit)
WHERE v.step_id IS NOT NULL;

WITH inserted_step AS (
  INSERT INTO sauceboss_sauce_steps (sauce_id, step_order, title)
  VALUES ('quick-mole', 0, 'Toast spices')
  ON CONFLICT DO NOTHING
  RETURNING id
)
INSERT INTO sauceboss_step_ingredients (step_id, name, amount, unit)
SELECT v.step_id, v.name, v.amount, v.unit FROM (VALUES
  ((SELECT id FROM inserted_step), 'chili powder', 2, 'tbsp'),
       ((SELECT id FROM inserted_step), 'cumin', 1, 'tsp'),
       ((SELECT id FROM inserted_step), 'coriander', 0.5, 'tsp'),
       ((SELECT id FROM inserted_step), 'garlic', 2, 'cloves')
) AS v(step_id, name, amount, unit)
WHERE v.step_id IS NOT NULL;

WITH inserted_step AS (
  INSERT INTO sauceboss_sauce_steps (sauce_id, step_order, title)
  VALUES ('quick-mole', 1, 'Add body')
  ON CONFLICT DO NOTHING
  RETURNING id
)
INSERT INTO sauceboss_step_ingredients (step_id, name, amount, unit)
SELECT v.step_id, v.name, v.amount, v.unit FROM (VALUES
  ((SELECT id FROM inserted_step), 'tomato puree', 2, 'tbsp'),
       ((SELECT id FROM inserted_step), 'water', 0.5, 'cup'),
       ((SELECT id FROM inserted_step), 'sugar', 1, 'tsp')
) AS v(step_id, name, amount, unit)
WHERE v.step_id IS NOT NULL;

WITH inserted_step AS (
  INSERT INTO sauceboss_sauce_steps (sauce_id, step_order, title)
  VALUES ('tzatziki', 0, 'Combine base')
  ON CONFLICT DO NOTHING
  RETURNING id
)
INSERT INTO sauceboss_step_ingredients (step_id, name, amount, unit)
SELECT v.step_id, v.name, v.amount, v.unit FROM (VALUES
  ((SELECT id FROM inserted_step), 'yogurt', 1, 'cup'),
       ((SELECT id FROM inserted_step), 'garlic', 2, 'cloves'),
       ((SELECT id FROM inserted_step), 'lemon juice', 1, 'tbsp')
) AS v(step_id, name, amount, unit)
WHERE v.step_id IS NOT NULL;

WITH inserted_step AS (
  INSERT INTO sauceboss_sauce_steps (sauce_id, step_order, title)
  VALUES ('tzatziki', 1, 'Add freshness')
  ON CONFLICT DO NOTHING
  RETURNING id
)
INSERT INTO sauceboss_step_ingredients (step_id, name, amount, unit)
SELECT v.step_id, v.name, v.amount, v.unit FROM (VALUES
  ((SELECT id FROM inserted_step), 'dill', 2, 'tbsp'),
       ((SELECT id FROM inserted_step), 'olive oil', 1, 'tbsp')
) AS v(step_id, name, amount, unit)
WHERE v.step_id IS NOT NULL;

WITH inserted_step AS (
  INSERT INTO sauceboss_sauce_steps (sauce_id, step_order, title)
  VALUES ('chermoula', 0, 'Blend herbs')
  ON CONFLICT DO NOTHING
  RETURNING id
)
INSERT INTO sauceboss_step_ingredients (step_id, name, amount, unit)
SELECT v.step_id, v.name, v.amount, v.unit FROM (VALUES
  ((SELECT id FROM inserted_step), 'cilantro', 0.5, 'cup'),
       ((SELECT id FROM inserted_step), 'parsley', 0.5, 'cup'),
       ((SELECT id FROM inserted_step), 'garlic', 4, 'cloves')
) AS v(step_id, name, amount, unit)
WHERE v.step_id IS NOT NULL;

WITH inserted_step AS (
  INSERT INTO sauceboss_sauce_steps (sauce_id, step_order, title)
  VALUES ('chermoula', 1, 'Add spice & acid')
  ON CONFLICT DO NOTHING
  RETURNING id
)
INSERT INTO sauceboss_step_ingredients (step_id, name, amount, unit)
SELECT v.step_id, v.name, v.amount, v.unit FROM (VALUES
  ((SELECT id FROM inserted_step), 'cumin', 1, 'tsp'),
       ((SELECT id FROM inserted_step), 'paprika', 1, 'tsp'),
       ((SELECT id FROM inserted_step), 'lemon juice', 2, 'tbsp'),
       ((SELECT id FROM inserted_step), 'olive oil', 3, 'tbsp')
) AS v(step_id, name, amount, unit)
WHERE v.step_id IS NOT NULL;

WITH inserted_step AS (
  INSERT INTO sauceboss_sauce_steps (sauce_id, step_order, title)
  VALUES ('harissa-sauce', 0, 'Mix')
  ON CONFLICT DO NOTHING
  RETURNING id
)
INSERT INTO sauceboss_step_ingredients (step_id, name, amount, unit)
SELECT v.step_id, v.name, v.amount, v.unit FROM (VALUES
  ((SELECT id FROM inserted_step), 'gochujang', 2, 'tbsp'),
       ((SELECT id FROM inserted_step), 'olive oil', 2, 'tbsp'),
       ((SELECT id FROM inserted_step), 'lemon juice', 1, 'tbsp'),
       ((SELECT id FROM inserted_step), 'garlic', 1, 'clove'),
       ((SELECT id FROM inserted_step), 'cumin', 0.5, 'tsp')
) AS v(step_id, name, amount, unit)
WHERE v.step_id IS NOT NULL;

WITH inserted_step AS (
  INSERT INTO sauceboss_sauce_steps (sauce_id, step_order, title)
  VALUES ('bbq-sauce', 0, 'Combine base')
  ON CONFLICT DO NOTHING
  RETURNING id
)
INSERT INTO sauceboss_step_ingredients (step_id, name, amount, unit)
SELECT v.step_id, v.name, v.amount, v.unit FROM (VALUES
  ((SELECT id FROM inserted_step), 'ketchup', 0.5, 'cup'),
       ((SELECT id FROM inserted_step), 'brown sugar', 3, 'tbsp'),
       ((SELECT id FROM inserted_step), 'vinegar', 2, 'tbsp')
) AS v(step_id, name, amount, unit)
WHERE v.step_id IS NOT NULL;

WITH inserted_step AS (
  INSERT INTO sauceboss_sauce_steps (sauce_id, step_order, title)
  VALUES ('bbq-sauce', 1, 'Add depth')
  ON CONFLICT DO NOTHING
  RETURNING id
)
INSERT INTO sauceboss_step_ingredients (step_id, name, amount, unit)
SELECT v.step_id, v.name, v.amount, v.unit FROM (VALUES
  ((SELECT id FROM inserted_step), 'worcestershire sauce', 1, 'tbsp'),
       ((SELECT id FROM inserted_step), 'mustard', 1, 'tsp'),
       ((SELECT id FROM inserted_step), 'paprika', 1, 'tsp'),
       ((SELECT id FROM inserted_step), 'garlic', 1, 'tsp')
) AS v(step_id, name, amount, unit)
WHERE v.step_id IS NOT NULL;

WITH inserted_step AS (
  INSERT INTO sauceboss_sauce_steps (sauce_id, step_order, title)
  VALUES ('honey-mustard', 0, 'Whisk together')
  ON CONFLICT DO NOTHING
  RETURNING id
)
INSERT INTO sauceboss_step_ingredients (step_id, name, amount, unit)
SELECT v.step_id, v.name, v.amount, v.unit FROM (VALUES
  ((SELECT id FROM inserted_step), 'dijon mustard', 3, 'tbsp'),
       ((SELECT id FROM inserted_step), 'honey', 2, 'tbsp'),
       ((SELECT id FROM inserted_step), 'mayo', 2, 'tbsp'),
       ((SELECT id FROM inserted_step), 'vinegar', 1, 'tsp'),
       ((SELECT id FROM inserted_step), 'garlic', 0.25, 'tsp')
) AS v(step_id, name, amount, unit)
WHERE v.step_id IS NOT NULL;

WITH inserted_step AS (
  INSERT INTO sauceboss_sauce_steps (sauce_id, step_order, title)
  VALUES ('buffalo', 0, 'Melt & combine')
  ON CONFLICT DO NOTHING
  RETURNING id
)
INSERT INTO sauceboss_step_ingredients (step_id, name, amount, unit)
SELECT v.step_id, v.name, v.amount, v.unit FROM (VALUES
  ((SELECT id FROM inserted_step), 'butter', 3, 'tbsp'),
       ((SELECT id FROM inserted_step), 'hot sauce', 3, 'tbsp'),
       ((SELECT id FROM inserted_step), 'worcestershire sauce', 0.5, 'tsp'),
       ((SELECT id FROM inserted_step), 'garlic', 0.5, 'tsp')
) AS v(step_id, name, amount, unit)
WHERE v.step_id IS NOT NULL;

WITH inserted_step AS (
  INSERT INTO sauceboss_sauce_steps (sauce_id, step_order, title)
  VALUES ('beurre-blanc', 0, 'Reduce')
  ON CONFLICT DO NOTHING
  RETURNING id
)
INSERT INTO sauceboss_step_ingredients (step_id, name, amount, unit)
SELECT v.step_id, v.name, v.amount, v.unit FROM (VALUES
  ((SELECT id FROM inserted_step), 'white wine', 0.25, 'cup'),
       ((SELECT id FROM inserted_step), 'shallot', 2, 'tbsp'),
       ((SELECT id FROM inserted_step), 'lemon juice', 1, 'tbsp')
) AS v(step_id, name, amount, unit)
WHERE v.step_id IS NOT NULL;

WITH inserted_step AS (
  INSERT INTO sauceboss_sauce_steps (sauce_id, step_order, title)
  VALUES ('beurre-blanc', 1, 'Emulsify butter')
  ON CONFLICT DO NOTHING
  RETURNING id
)
INSERT INTO sauceboss_step_ingredients (step_id, name, amount, unit)
SELECT v.step_id, v.name, v.amount, v.unit FROM (VALUES
  ((SELECT id FROM inserted_step), 'butter', 6, 'tbsp'),
       ((SELECT id FROM inserted_step), 'heavy cream', 1, 'tbsp')
) AS v(step_id, name, amount, unit)
WHERE v.step_id IS NOT NULL;

WITH inserted_step AS (
  INSERT INTO sauceboss_sauce_steps (sauce_id, step_order, title)
  VALUES ('tikka-masala', 0, 'Sauté aromatics')
  ON CONFLICT DO NOTHING
  RETURNING id
)
INSERT INTO sauceboss_step_ingredients (step_id, name, amount, unit)
SELECT v.step_id, v.name, v.amount, v.unit FROM (VALUES
  ((SELECT id FROM inserted_step), 'butter', 2, 'tbsp'),
       ((SELECT id FROM inserted_step), 'onion', 0.5, 'piece'),
       ((SELECT id FROM inserted_step), 'garlic', 3, 'cloves'),
       ((SELECT id FROM inserted_step), 'ginger', 1, 'tsp')
) AS v(step_id, name, amount, unit)
WHERE v.step_id IS NOT NULL;

WITH inserted_step AS (
  INSERT INTO sauceboss_sauce_steps (sauce_id, step_order, title)
  VALUES ('tikka-masala', 1, 'Bloom spices')
  ON CONFLICT DO NOTHING
  RETURNING id
)
INSERT INTO sauceboss_step_ingredients (step_id, name, amount, unit)
SELECT v.step_id, v.name, v.amount, v.unit FROM (VALUES
  ((SELECT id FROM inserted_step), 'cumin', 1, 'tsp'),
       ((SELECT id FROM inserted_step), 'coriander', 1, 'tsp'),
       ((SELECT id FROM inserted_step), 'garam masala', 1, 'tsp'),
       ((SELECT id FROM inserted_step), 'turmeric', 0.5, 'tsp'),
       ((SELECT id FROM inserted_step), 'paprika', 1, 'tsp')
) AS v(step_id, name, amount, unit)
WHERE v.step_id IS NOT NULL;

WITH inserted_step AS (
  INSERT INTO sauceboss_sauce_steps (sauce_id, step_order, title)
  VALUES ('tikka-masala', 2, 'Build the sauce')
  ON CONFLICT DO NOTHING
  RETURNING id
)
INSERT INTO sauceboss_step_ingredients (step_id, name, amount, unit)
SELECT v.step_id, v.name, v.amount, v.unit FROM (VALUES
  ((SELECT id FROM inserted_step), 'tomato puree', 1, 'cup'),
       ((SELECT id FROM inserted_step), 'heavy cream', 0.25, 'cup')
) AS v(step_id, name, amount, unit)
WHERE v.step_id IS NOT NULL;

WITH inserted_step AS (
  INSERT INTO sauceboss_sauce_steps (sauce_id, step_order, title)
  VALUES ('saag-sauce', 0, 'Fry aromatics')
  ON CONFLICT DO NOTHING
  RETURNING id
)
INSERT INTO sauceboss_step_ingredients (step_id, name, amount, unit)
SELECT v.step_id, v.name, v.amount, v.unit FROM (VALUES
  ((SELECT id FROM inserted_step), 'butter', 2, 'tbsp'),
       ((SELECT id FROM inserted_step), 'onion', 0.5, 'piece'),
       ((SELECT id FROM inserted_step), 'garlic', 3, 'cloves'),
       ((SELECT id FROM inserted_step), 'ginger', 1, 'tsp')
) AS v(step_id, name, amount, unit)
WHERE v.step_id IS NOT NULL;

WITH inserted_step AS (
  INSERT INTO sauceboss_sauce_steps (sauce_id, step_order, title)
  VALUES ('saag-sauce', 1, 'Toast spices')
  ON CONFLICT DO NOTHING
  RETURNING id
)
INSERT INTO sauceboss_step_ingredients (step_id, name, amount, unit)
SELECT v.step_id, v.name, v.amount, v.unit FROM (VALUES
  ((SELECT id FROM inserted_step), 'cumin', 1, 'tsp'),
       ((SELECT id FROM inserted_step), 'coriander', 1, 'tsp'),
       ((SELECT id FROM inserted_step), 'garam masala', 0.5, 'tsp'),
       ((SELECT id FROM inserted_step), 'turmeric', 0.5, 'tsp')
) AS v(step_id, name, amount, unit)
WHERE v.step_id IS NOT NULL;

WITH inserted_step AS (
  INSERT INTO sauceboss_sauce_steps (sauce_id, step_order, title)
  VALUES ('saag-sauce', 2, 'Wilt greens & finish')
  ON CONFLICT DO NOTHING
  RETURNING id
)
INSERT INTO sauceboss_step_ingredients (step_id, name, amount, unit)
SELECT v.step_id, v.name, v.amount, v.unit FROM (VALUES
  ((SELECT id FROM inserted_step), 'spinach', 4, 'cup'),
       ((SELECT id FROM inserted_step), 'yogurt', 2, 'tbsp')
) AS v(step_id, name, amount, unit)
WHERE v.step_id IS NOT NULL;
